Date,Close
7/18/2010,0.0858
7/19/2010,0.0808
7/20/2010,0.0747
7/21/2010,0.0792
7/22/2010,0.0505
7/23/2010,0.0626
7/24/2010,0.0545
7/25/2010,0.0505
7/26/2010,0.056
7/27/2010,0.06
7/28/2010,0.0589
7/29/2010,0.0699
7/30/2010,0.0627
7/31/2010,0.0679
8/1/2010,0.0611
8/2/2010,0.06
8/3/2010,0.06
8/4/2010,0.057
8/5/2010,0.061
8/6/2010,0.0623
8/7/2010,0.059
8/8/2010,0.0609
8/9/2010,0.071
8/10/2010,0.07
8/11/2010,0.067
8/12/2010,0.07
8/13/2010,0.0645
8/14/2010,0.067
8/15/2010,0.0653
8/16/2010,0.0655
8/17/2010,0.07
8/18/2010,0.068
8/19/2010,0.0667
8/20/2010,0.0655
8/21/2010,0.0664
8/22/2010,0.066
8/23/2010,0.0649
8/24/2010,0.065
8/25/2010,0.0648
8/26/2010,0.064
8/27/2010,0.065
8/28/2010,0.0641
8/29/2010,0.064
8/30/2010,0.065
8/31/2010,0.06
9/1/2010,0.0629
9/2/2010,0.0634
9/3/2010,0.0609
9/4/2010,0.0624
9/5/2010,0.0616
9/6/2010,0.0616
9/7/2010,0.061
9/8/2010,0.062
9/9/2010,0.0611
9/10/2010,0.0618
9/11/2010,0.0637
9/12/2010,0.0615
9/13/2010,0.0622
9/14/2010,0.062
9/15/2010,0.0604
9/16/2010,0.0619
9/17/2010,0.059
9/18/2010,0.061
9/19/2010,0.0627
9/20/2010,0.0621
9/21/2010,0.0627
9/22/2010,0.0622
9/23/2010,0.0623
9/24/2010,0.0622
9/25/2010,0.062
9/26/2010,0.062
9/27/2010,0.0622
9/28/2010,0.0619
9/29/2010,0.0619
9/30/2010,0.0619
10/1/2010,0.062
10/2/2010,0.0614
10/3/2010,0.0611
10/4/2010,0.0613
10/5/2010,0.0614
10/6/2010,0.0628
10/7/2010,0.067
10/8/2010,0.0869
10/9/2010,0.0938
10/10/2010,0.0965
10/11/2010,0.095
10/12/2010,0.0949
10/13/2010,0.105
10/14/2010,0.102
10/15/2010,0.105
10/16/2010,0.101
10/17/2010,0.102
10/18/2010,0.1024
10/19/2010,0.097
10/20/2010,0.099
10/21/2010,0.107
10/22/2010,0.1025
10/23/2010,0.1055
10/24/2010,0.115
10/25/2010,0.132
10/26/2010,0.1503
10/27/2010,0.1877
10/28/2010,0.1731
10/29/2010,0.19
10/30/2010,0.1989
10/31/2010,0.1925
11/1/2010,0.1955
11/2/2010,0.1938
11/3/2010,0.1931
11/4/2010,0.23
11/5/2010,0.26
11/6/2010,0.39
11/7/2010,0.34
11/8/2010,0.243
11/9/2010,0.21
11/10/2010,0.24
11/11/2010,0.2231
11/12/2010,0.2682
11/13/2010,0.276
11/14/2010,0.279
11/15/2010,0.2682
11/16/2010,0.223
11/17/2010,0.2299
11/18/2010,0.2678
11/19/2010,0.28
11/20/2010,0.283
11/21/2010,0.2768
11/22/2010,0.2879
11/23/2010,0.283
11/24/2010,0.283
11/25/2010,0.28
11/26/2010,0.2844
11/27/2010,0.283
11/28/2010,0.27
11/29/2010,0.2299
11/30/2010,0.2082
12/1/2010,0.2275
12/2/2010,0.255
12/3/2010,0.2511
12/4/2010,0.205
12/5/2010,0.19
12/6/2010,0.204
12/7/2010,0.233
12/8/2010,0.2388
12/9/2010,0.2
12/10/2010,0.204
12/11/2010,0.228
12/12/2010,0.22
12/13/2010,0.2299
12/14/2010,0.2467
12/15/2010,0.238
12/16/2010,0.25
12/17/2010,0.24
12/18/2010,0.241
12/19/2010,0.2401
12/20/2010,0.267
12/21/2010,0.24
12/22/2010,0.25
12/23/2010,0.25
12/24/2010,0.248
12/25/2010,0.2499
12/26/2010,0.265
12/27/2010,0.265
12/28/2010,0.281
12/29/2010,0.3
12/30/2010,0.3
12/31/2010,0.3
1/1/2011,0.3
1/2/2011,0.3
1/3/2011,0.295
1/4/2011,0.299
1/5/2011,0.299
1/6/2011,0.298
1/7/2011,0.32
1/8/2011,0.3229
1/9/2011,0.323
1/10/2011,0.3266
1/11/2011,0.3266
1/12/2011,0.3188
1/13/2011,0.3176
1/14/2011,0.4
1/15/2011,0.386
1/16/2011,0.3868
1/17/2011,0.3495
1/18/2011,0.313
1/19/2011,0.313
1/20/2011,0.39
1/21/2011,0.4199
1/22/2011,0.4443
1/23/2011,0.4424
1/24/2011,0.4199
1/25/2011,0.41
1/26/2011,0.417
1/27/2011,0.4212
1/28/2011,0.446
1/29/2011,0.439
1/30/2011,0.4799
1/31/2011,0.52
2/1/2011,0.7
2/2/2011,0.716
2/3/2011,0.69
2/4/2011,0.811
2/5/2011,0.92
2/6/2011,0.8997
2/7/2011,0.89
2/8/2011,0.918
2/9/2011,1.09
2/10/2011,0.9803
2/11/2011,1.07
2/12/2011,1.0799
2/13/2011,1.05
2/14/2011,1.07
2/15/2011,1.05
2/16/2011,1.045
2/17/2011,1.04
2/18/2011,0.8989
2/19/2011,0.949
2/20/2011,0.85
2/21/2011,0.8345
2/22/2011,0.8702
2/23/2011,0.9
2/24/2011,0.9974
2/25/2011,0.9111
2/26/2011,0.958
2/27/2011,0.89
2/28/2011,0.86
3/1/2011,0.9202
3/2/2011,0.9399
3/3/2011,0.9391
3/4/2011,0.901
3/5/2011,0.9103
3/6/2011,0.8999
3/7/2011,0.885
3/8/2011,0.87
3/9/2011,0.8645
3/10/2011,0.9329
3/11/2011,0.88
3/12/2011,0.918
3/13/2011,0.8925
3/14/2011,0.8949
3/15/2011,0.87
3/16/2011,0.86
3/17/2011,0.8254
3/18/2011,0.8165
3/19/2011,0.765
3/20/2011,0.7411
3/21/2011,0.759
3/22/2011,0.809
3/23/2011,0.8497
3/24/2011,0.8669
3/25/2011,0.8838
3/26/2011,0.8552
3/27/2011,0.82
3/28/2011,0.799
3/29/2011,0.7925
3/30/2011,0.7897
3/31/2011,0.7846
4/1/2011,0.7741
4/2/2011,0.782
4/3/2011,0.779
4/4/2011,0.68
4/5/2011,0.71
4/6/2011,0.74
4/7/2011,0.7538
4/8/2011,0.75
4/9/2011,0.73
4/10/2011,0.7369
4/11/2011,0.77
4/12/2011,0.86
4/13/2011,0.9225
4/14/2011,1
4/15/2011,0.9899
4/16/2011,1.0499
4/17/2011,1.1123
4/18/2011,1.162
4/19/2011,1.1979
4/20/2011,1.1421
4/21/2011,1.21
4/22/2011,1.409
4/23/2011,1.7001
4/24/2011,1.6301
4/25/2011,1.559
4/26/2011,1.7949
4/27/2011,1.9
4/28/2011,2.2106
4/29/2011,2.88
4/30/2011,3.5
5/1/2011,3.0331
5/2/2011,3.2
5/3/2011,3.41
5/4/2011,3.4061
5/5/2011,3.333
5/6/2011,3.45
5/7/2011,3.641
5/8/2011,3.8659
5/9/2011,3.8
5/10/2011,5.81
5/11/2011,5.5
5/12/2011,6.3002
5/13/2011,8.198
5/14/2011,7.1977
5/15/2011,6.987
5/16/2011,8.0339
5/17/2011,7.19
5/18/2011,6.88
5/19/2011,6.805
5/20/2011,5.5904
5/21/2011,6.1197
5/22/2011,6.6901
5/23/2011,7.1499
5/24/2011,7.42
5/25/2011,8.3997
5/26/2011,8.798
5/27/2011,8.5002
5/28/2011,8.3001
5/29/2011,8.4299
5/30/2011,8.8
5/31/2011,8.741
6/1/2011,9.57
6/2/2011,10.6
6/3/2011,14.29
6/4/2011,18.89
6/5/2011,16.7
6/6/2011,18.5499
6/7/2011,23.9234
6/8/2011,29.6
6/9/2011,28.919
6/10/2011,23.9497
6/11/2011,14.6511
6/12/2011,18.5464
6/13/2011,19.84
6/14/2011,19.28
6/15/2011,19.49
6/16/2011,17
6/17/2011,15.681
6/18/2011,16.89
6/19/2011,17.51
6/20/2011,17.51
6/21/2011,17.51
6/22/2011,17.51
6/23/2011,17.51
6/24/2011,17.51
6/25/2011,17.51
6/26/2011,16.45
6/27/2011,16.75
6/28/2011,16.9498
6/29/2011,16.845
6/30/2011,16.101
7/1/2011,15.397
7/2/2011,15.4
7/3/2011,15.4405
7/4/2011,13.86
7/5/2011,12.9069
7/6/2011,14.7835
7/7/2011,14.7761
7/8/2011,14.314
7/9/2011,14.38
7/10/2011,14.9
7/11/2011,14.2091
7/12/2011,14.0094
7/13/2011,13.951
7/14/2011,13.99
7/15/2011,13.81
7/16/2011,13.7191
7/17/2011,13.16
7/18/2011,13.48
7/19/2011,13.8502
7/20/2011,13.6894
7/21/2011,13.61
7/22/2011,13.6954
7/23/2011,13.68
7/24/2011,13.98
7/25/2011,14.0478
7/26/2011,13.8821
7/27/2011,13.9394
7/28/2011,13.4901
7/29/2011,13.4983
7/30/2011,13.5303
7/31/2011,13.35
8/1/2011,13.0946
8/2/2011,12.05
8/3/2011,9.26
8/4/2011,10.75
8/5/2011,9.7999
8/6/2011,6.55
8/7/2011,7.9
8/8/2011,7.7999
8/9/2011,9.99
8/10/2011,9.98
8/11/2011,9.4625
8/12/2011,9.4605
8/13/2011,10.131
8/14/2011,10.7957
8/15/2011,11.1498
8/16/2011,10.9641
8/17/2011,10.9456
8/18/2011,10.83
8/19/2011,11.65
8/20/2011,11.453
8/21/2011,11.3113
8/22/2011,10.895
8/23/2011,10.94
8/24/2011,10.8506
8/25/2011,9.657
8/26/2011,8.1794
8/27/2011,8.5902
8/28/2011,9.0701
8/29/2011,8.969
8/30/2011,8.7913
8/31/2011,8.1995
9/1/2011,8.21
9/2/2011,8.64
9/3/2011,8.48
9/4/2011,8.178
9/5/2011,7.611
9/6/2011,6.8628
9/7/2011,7.1864
9/8/2011,6.53
9/9/2011,5.03
9/10/2011,4.7739
9/11/2011,5.8644
9/12/2011,6.078
9/13/2011,5.8
9/14/2011,5.6193
9/15/2011,4.84
9/16/2011,4.82
9/17/2011,4.77
9/18/2011,5.2
9/19/2011,5.46
9/20/2011,6.1119
9/21/2011,5.6114
9/22/2011,5.4278
9/23/2011,5.5451
9/24/2011,5.4683
9/25/2011,5.33
9/26/2011,4.8697
9/27/2011,4.9156
9/28/2011,4.7725
9/29/2011,4.7794
9/30/2011,5.1401
10/1/2011,5.0324
10/2/2011,5.027
10/3/2011,5.024
10/4/2011,4.96
10/5/2011,4.87
10/6/2011,4.7344
10/7/2011,4.2728
10/8/2011,4.0075
10/9/2011,4.1029
10/10/2011,4.1
10/11/2011,3.9308
10/12/2011,4.15
10/13/2011,4.0462
10/14/2011,3.9879
10/15/2011,3.8421
10/16/2011,3.557
10/17/2011,2.56
10/18/2011,2.419
10/19/2011,2.27
10/20/2011,2.348
10/21/2011,2.57
10/22/2011,3.1588
10/23/2011,3.17
10/24/2011,2.545
10/25/2011,2.77
10/26/2011,2.773
10/27/2011,3.04
10/28/2011,3.19
10/29/2011,3.5811
10/30/2011,3.27
10/31/2011,3.248
11/1/2011,3.15
11/2/2011,3.2543
11/3/2011,3.152
11/4/2011,3.109
11/5/2011,2.97
11/6/2011,2.9596
11/7/2011,3.0068
11/8/2011,3.035
11/9/2011,2.95
11/10/2011,2.8399
11/11/2011,3.08
11/12/2011,3.031
11/13/2011,2.9969
11/14/2011,2.22
11/15/2011,2.329
11/16/2011,2.5604
11/17/2011,2.25
11/18/2011,2.05
11/19/2011,2.1959
11/20/2011,2.2
11/21/2011,2.294
11/22/2011,2.3289
11/23/2011,2.3321
11/24/2011,2.4321
11/25/2011,2.5061
11/26/2011,2.47
11/27/2011,2.4799
11/28/2011,2.55
11/29/2011,2.7502
11/30/2011,2.9701
12/1/2011,3.06
12/2/2011,3.1151
12/3/2011,2.794
12/4/2011,2.8281
12/5/2011,2.8798
12/6/2011,3.03
12/7/2011,2.99
12/8/2011,2.98
12/9/2011,2.97
12/10/2011,3.05
12/11/2011,3.2511
12/12/2011,3.135
12/13/2011,3.2499
12/14/2011,3.15
12/15/2011,3.2
12/16/2011,3.2
12/17/2011,3.2001
12/18/2011,3.193
12/19/2011,3.5202
12/20/2011,3.95
12/21/2011,3.89
12/22/2011,3.8901
12/23/2011,3.9468
12/24/2011,3.94
12/25/2011,4.225
12/26/2011,4.018
12/27/2011,4.07
12/28/2011,4.1855
12/29/2011,4.166
12/30/2011,4.248
12/31/2011,4.722
1/1/2012,5.2677
1/2/2012,5.2168
1/3/2012,4.8808
1/4/2012,5.5738
1/5/2012,6.9476
1/6/2012,6.6969
1/7/2012,6.81
1/8/2012,7.1136
1/9/2012,6.3257
1/10/2012,6.36
1/11/2012,6.9
1/12/2012,6.8
1/13/2012,6.41
1/14/2012,6.75
1/15/2012,7.0018
1/16/2012,6.6825
1/17/2012,5.6
1/18/2012,5.92
1/19/2012,6.3598
1/20/2012,6.4898
1/21/2012,6.18
1/22/2012,6.3097
1/23/2012,6.356
1/24/2012,6.2898
1/25/2012,5.75
1/26/2012,5.34
1/27/2012,5.292
1/28/2012,5.6267
1/29/2012,5.3809
1/30/2012,5.4905
1/31/2012,5.4838
2/1/2012,6.0756
2/2/2012,6.1
2/3/2012,5.9593
2/4/2012,5.8734
2/5/2012,5.6888
2/6/2012,5.4535
2/7/2012,5.69
2/8/2012,5.6
2/9/2012,5.83
2/10/2012,5.9126
2/11/2012,5.6005
2/12/2012,5.5147
2/13/2012,5.26
2/14/2012,4.4629
2/15/2012,4.3251
2/16/2012,4.2739
2/17/2012,4.41
2/18/2012,4.222
2/19/2012,4.3867
2/20/2012,4.3615
2/21/2012,4.272
2/22/2012,4.4247
2/23/2012,5.015
2/24/2012,5.0288
2/25/2012,4.773
2/26/2012,4.922
2/27/2012,4.956
2/28/2012,4.868
2/29/2012,4.86
3/1/2012,4.9213
3/2/2012,4.705
3/3/2012,4.6144
3/4/2012,4.82
3/5/2012,4.9843
3/6/2012,4.9901
3/7/2012,4.9375
3/8/2012,4.9302
3/9/2012,4.8611
3/10/2012,4.8332
3/11/2012,4.91
3/12/2012,4.8901
3/13/2012,5.27
3/14/2012,5.38
3/15/2012,5.3266
3/16/2012,5.3439
3/17/2012,5.2159
3/18/2012,5.2794
3/19/2012,4.6939
3/20/2012,4.8379
3/21/2012,4.8149
3/22/2012,4.7043
3/23/2012,4.686
3/24/2012,4.676
3/25/2012,4.55
3/26/2012,4.6191
3/27/2012,4.8113
3/28/2012,4.788
3/29/2012,4.8084
3/30/2012,4.86
3/31/2012,4.9087
4/1/2012,4.827
4/2/2012,4.974
4/3/2012,4.952
4/4/2012,4.9101
4/5/2012,4.919
4/6/2012,4.9499
4/7/2012,4.6872
4/8/2012,4.7925
4/9/2012,4.8719
4/10/2012,4.8367
4/11/2012,4.9279
4/12/2012,4.9197
4/13/2012,4.94
4/14/2012,4.9597
4/15/2012,4.9689
4/16/2012,4.932
4/17/2012,4.9759
4/18/2012,5.1178
4/19/2012,5.1377
4/20/2012,5.35
4/21/2012,5.2601
4/22/2012,5.2035
4/23/2012,4.96
4/24/2012,5.0982
4/25/2012,5.1318
4/26/2012,5.0976
4/27/2012,5.1095
4/28/2012,4.9794
4/29/2012,4.9044
4/30/2012,4.9491
5/1/2012,5
5/2/2012,5.0737
5/3/2012,5.1344
5/4/2012,5.067
5/5/2012,5.077
5/6/2012,5.0499
5/7/2012,5.06
5/8/2012,5.05
5/9/2012,5.0437
5/10/2012,4.85
5/11/2012,4.96
5/12/2012,4.9462
5/13/2012,4.93
5/14/2012,5.0059
5/15/2012,5.035
5/16/2012,5.0887
5/17/2012,5.0998
5/18/2012,5.118
5/19/2012,5.0995
5/20/2012,5.09
5/21/2012,5.0998
5/22/2012,5.0988
5/23/2012,5.1397
5/24/2012,5.119
5/25/2012,5.1455
5/26/2012,5.1032
5/27/2012,5.139
5/28/2012,5.1358
5/29/2012,5.15
5/30/2012,5.135
5/31/2012,5.1801
6/1/2012,5.2748
6/2/2012,5.249
6/3/2012,5.2051
6/4/2012,5.266
6/5/2012,5.44
6/6/2012,5.46
6/7/2012,5.591
6/8/2012,5.633
6/9/2012,5.56
6/10/2012,5.4683
6/11/2012,5.5747
6/12/2012,5.7
6/13/2012,5.929
6/14/2012,5.9541
6/15/2012,6.5
6/16/2012,6.4
6/17/2012,6.1638
6/18/2012,6.31
6/19/2012,6.4988
6/20/2012,6.67
6/21/2012,6.6801
6/22/2012,6.5478
6/23/2012,6.4285
6/24/2012,6.35
6/25/2012,6.3048
6/26/2012,6.4195
6/27/2012,6.647
6/28/2012,6.6059
6/29/2012,6.65
6/30/2012,6.69
7/1/2012,6.629
7/2/2012,6.76
7/3/2012,6.4499
7/4/2012,6.5101
7/5/2012,6.67
7/6/2012,6.6481
7/7/2012,6.7621
7/8/2012,6.799
7/9/2012,7.0215
7/10/2012,7.1999
7/11/2012,7.15
7/12/2012,7.7644
7/13/2012,7.6651
7/14/2012,7.5421
7/15/2012,7.621
7/16/2012,8.4996
7/17/2012,8.8
7/18/2012,9.1098
7/19/2012,8.87
7/20/2012,8.52
7/21/2012,8.8455
7/22/2012,8.4096
7/23/2012,8.4457
7/24/2012,8.6
7/25/2012,8.8
7/26/2012,8.9
7/27/2012,8.9
7/28/2012,8.8881
7/29/2012,8.7103
7/30/2012,9.098
7/31/2012,9.35
8/1/2012,9.5503
8/2/2012,10.53
8/3/2012,10.97
8/4/2012,10.984
8/5/2012,10.87
8/6/2012,10.8552
8/7/2012,11.1
8/8/2012,11.0553
8/9/2012,11.0611
8/10/2012,11.3864
8/11/2012,11.5102
8/12/2012,11.624
8/13/2012,12.0375
8/14/2012,12.19
8/15/2012,13.25
8/16/2012,13.5
8/17/2012,11.5836
8/18/2012,11.61
8/19/2012,8
8/20/2012,10.1
8/21/2012,9.915
8/22/2012,9.8068
8/23/2012,10.1
8/24/2012,10.6
8/25/2012,10.5239
8/26/2012,10.61
8/27/2012,10.95
8/28/2012,10.94
8/29/2012,10.9169
8/30/2012,10.777
8/31/2012,10.16
9/1/2012,9.9654
9/2/2012,10.2041
9/3/2012,10.53
9/4/2012,10.3847
9/5/2012,10.9997
9/6/2012,11.181
9/7/2012,11
9/8/2012,11.037
9/9/2012,11.02
9/10/2012,11.17
9/11/2012,11.3308
9/12/2012,11.3649
9/13/2012,11.399
9/14/2012,11.67
9/15/2012,11.75
9/16/2012,11.87
9/17/2012,11.89
9/18/2012,12.25
9/19/2012,12.5725
9/20/2012,12.2825
9/21/2012,12.368
9/22/2012,12.2378
9/23/2012,12.1933
9/24/2012,12.1
9/25/2012,12.197
9/26/2012,12.27
9/27/2012,12.3089
9/28/2012,12.391
9/29/2012,12.3631
9/30/2012,12.4
10/1/2012,12.4
10/2/2012,12.84
10/3/2012,12.89
10/4/2012,12.85
10/5/2012,12.688
10/6/2012,12.505
10/7/2012,11.8
10/8/2012,11.7781
10/9/2012,11.895
10/10/2012,12.12
10/11/2012,12.03
10/12/2012,12
10/13/2012,11.861
10/14/2012,11.7389
10/15/2012,11.8381
10/16/2012,11.8499
10/17/2012,11.81
10/18/2012,11.9398
10/19/2012,11.7401
10/20/2012,11.7399
10/21/2012,11.6311
10/22/2012,11.7101
10/23/2012,11.65
10/24/2012,11.65
10/25/2012,10.8616
10/26/2012,10.1706
10/27/2012,10.2605
10/28/2012,10.7
10/29/2012,10.6
10/30/2012,10.8875
10/31/2012,11.201
11/1/2012,10.57
11/2/2012,10.4688
11/3/2012,10.6425
11/4/2012,10.8001
11/5/2012,10.748
11/6/2012,10.899
11/7/2012,10.92
11/8/2012,10.925
11/9/2012,10.815
11/10/2012,10.89
11/11/2012,10.8687
11/12/2012,11.008
11/13/2012,10.9512
11/14/2012,10.95
11/15/2012,11.1977
11/16/2012,11.7489
11/17/2012,11.7889
11/18/2012,11.6515
11/19/2012,11.7999
11/20/2012,11.7328
11/21/2012,11.77
11/22/2012,12.4219
11/23/2012,12.345
11/24/2012,12.4115
11/25/2012,12.4821
11/26/2012,12.2455
11/27/2012,12.2
11/28/2012,12.3477
11/29/2012,12.45
11/30/2012,12.565
12/1/2012,12.562
12/2/2012,12.5
12/3/2012,12.679
12/4/2012,13.41
12/5/2012,13.38
12/6/2012,13.299
12/7/2012,13.4999
12/8/2012,13.4201
12/9/2012,13.388
12/10/2012,13.4334
12/11/2012,13.557
12/12/2012,13.6989
12/13/2012,13.7001
12/14/2012,13.6
12/15/2012,13.4901
12/16/2012,13.3
12/17/2012,13.2501
12/18/2012,13.299
12/19/2012,13.599
12/20/2012,13.5246
12/21/2012,13.5
12/22/2012,13.3714
12/23/2012,13.312
12/24/2012,13.38
12/25/2012,13.35
12/26/2012,13.4679
12/27/2012,13.4217
12/28/2012,13.4212
12/29/2012,13.4
12/30/2012,13.45
12/31/2012,13.51
1/1/2013,13.3041
1/2/2013,13.28
1/3/2013,13.3979
1/4/2013,13.5
1/5/2013,13.44
1/6/2013,13.454
1/7/2013,13.5876
1/8/2013,13.7428
1/9/2013,13.77
1/10/2013,14.14
1/11/2013,14.137
1/12/2013,14.237
1/13/2013,14.116
1/14/2013,14.3
1/15/2013,14.25
1/16/2013,14.73
1/17/2013,15.5
1/18/2013,15.705
1/19/2013,15.615
1/20/2013,15.7
1/21/2013,16.8
1/22/2013,17.2614
1/23/2013,17.5
1/24/2013,16.896
1/25/2013,17.4
1/26/2013,17.88
1/27/2013,17.8182
1/28/2013,18.721
1/29/2013,19.5254
1/30/2013,19.7
1/31/2013,20.41
2/1/2013,20.499
2/2/2013,19.63
2/3/2013,20.59
2/4/2013,20.4301
2/5/2013,20.6
2/6/2013,21.18
2/7/2013,22.15
2/8/2013,22.66
2/9/2013,23.65
2/10/2013,23.9698
2/11/2013,24.65
2/12/2013,25.1698
2/13/2013,24.2
2/14/2013,27.2205
2/15/2013,27.1
2/16/2013,27.2158
2/17/2013,26.8146
2/18/2013,26.95
2/19/2013,29.4176
2/20/2013,29.645
2/21/2013,29.7477
2/22/2013,30.2454
2/23/2013,29.8
2/24/2013,29.89
2/25/2013,30.4
2/26/2013,31.1
2/27/2013,30.9012
2/28/2013,33.38
3/1/2013,34.5
3/2/2013,34.25
3/3/2013,34.5
3/4/2013,36.152
3/5/2013,40.33
3/6/2013,41.0201
3/7/2013,42
3/8/2013,44.18
3/9/2013,46.85
3/10/2013,46
3/11/2013,48.4
3/12/2013,44.2899
3/13/2013,46.92
3/14/2013,47.1696
3/15/2013,46.95
3/16/2013,47.0002
3/17/2013,47.4
3/18/2013,51.6
3/19/2013,59.14
3/20/2013,64.4888
3/21/2013,70.85
3/22/2013,69.865
3/23/2013,64.35
3/24/2013,71.5
3/25/2013,73.6
3/26/2013,78.5
3/27/2013,88.92
3/28/2013,86.18
3/29/2013,90.5
3/30/2013,92.19
3/31/2013,93.03
4/1/2013,104
4/2/2013,117.98
4/3/2013,135
4/4/2013,132.12
4/5/2013,142.3236
4/6/2013,142.6311
4/7/2013,162.301
4/8/2013,187.5
4/9/2013,230
4/10/2013,165
4/11/2013,124.9
4/12/2013,117
4/13/2013,93
4/14/2013,90
4/15/2013,82.386
4/16/2013,68.3557
4/17/2013,93.07
4/18/2013,109.01
4/19/2013,118.48
4/20/2013,126.6155
4/21/2013,119.2
4/22/2013,127.4
4/23/2013,143.475
4/24/2013,154.2
4/25/2013,141.71
4/26/2013,136.9
4/27/2013,128.0001
4/28/2013,134.4444
4/29/2013,143.9999
4/30/2013,139.2269
5/1/2013,116.38
5/2/2013,106.25
5/3/2013,98.1
5/4/2013,112.9
5/5/2013,115.98
5/6/2013,112.25
5/7/2013,109.6001
5/8/2013,113.2
5/9/2013,112.799
5/10/2013,117.7
5/11/2013,115.64
5/12/2013,114.82
5/13/2013,117.9797
5/14/2013,111.4
5/15/2013,114.22
5/16/2013,118.21
5/17/2013,123.5
5/18/2013,123.211
5/19/2013,122.5
5/20/2013,122.02
5/21/2013,122.89
5/22/2013,123.8
5/23/2013,126.3
5/24/2013,133.1
5/25/2013,131.986
5/26/2013,133.5
5/27/2013,129.77
5/28/2013,129
5/29/2013,132.25
5/30/2013,128.799
5/31/2013,128.8151
6/1/2013,129.3
6/2/2013,122.5
6/3/2013,120.7372
6/4/2013,121.4
6/5/2013,121.9
6/6/2013,118.9699
6/7/2013,111
6/8/2013,107.8924
6/9/2013,100.4374
6/10/2013,106.35
6/11/2013,109
6/12/2013,108.7759
6/13/2013,103.949
6/14/2013,100
6/15/2013,99.8
6/16/2013,99.9
6/17/2013,101.95
6/18/2013,107.35
6/19/2013,108.251
6/20/2013,111.29
6/21/2013,109.5
6/22/2013,108.2
6/23/2013,107.9
6/24/2013,102.09
6/25/2013,103.3293
6/26/2013,104
6/27/2013,101.7368
6/28/2013,94.66
6/29/2013,94.999
6/30/2013,97.51
7/1/2013,84.6069
7/2/2013,87.6562
7/3/2013,76.8901
7/4/2013,77.685
7/5/2013,66.34
7/6/2013,66.855
7/7/2013,72.5053
7/8/2013,74.56
7/9/2013,74.225
7/10/2013,84.515
7/11/2013,91.22
7/12/2013,88.465
7/13/2013,91.3888
7/14/2013,90.3713
7/15/2013,93.14
7/16/2013,92.7415
7/17/2013,90.5425
7/18/2013,85.4298
7/19/2013,85.7775
7/20/2013,85.6675
7/21/2013,85.4725
7/22/2013,86.0862
7/23/2013,86.9389
7/24/2013,87.4575
7/25/2013,89.41
7/26/2013,90.6325
7/27/2013,89.0975
7/28/2013,92.1
7/29/2013,93.2981
7/30/2013,96.31
7/31/2013,97.915
8/1/2013,96.4175
8/2/2013,97.24
8/3/2013,96.66
8/4/2013,96.6
8/5/2013,96.92
8/6/2013,97.1331
8/7/2013,96.92
8/8/2013,94.775
8/9/2013,93.36
8/10/2013,93.2875
8/11/2013,94.1625
8/12/2013,95.085
8/13/2013,97.9021
8/14/2013,97.96
8/15/2013,97.545
8/16/2013,98.33
8/17/2013,99.565
8/18/2013,98.845
8/19/2013,102.2997
8/20/2013,105.0125
8/21/2013,111.445
8/22/2013,109.73
8/23/2013,107.5475
8/24/2013,108.6875
8/25/2013,111.795
8/26/2013,112.23
8/27/2013,117.4461
8/28/2013,117.59
8/29/2013,117.5227
8/30/2013,123.2332
8/31/2013,129.46
9/1/2013,128.2597
9/2/2013,127.3648
9/3/2013,127.5915
9/4/2013,120.5738
9/5/2013,120.5333
9/6/2013,116.321
9/7/2013,119.0547
9/8/2013,116.595
9/9/2013,120.0188
9/10/2013,121.458
9/11/2013,125.4518
9/12/2013,125.7598
9/13/2013,126.5072
9/14/2013,124.0813
9/15/2013,124.5783
9/16/2013,125.0618
9/17/2013,125.9683
9/18/2013,126.3045
9/19/2013,124.1937
9/20/2013,122.9008
9/21/2013,122.6435
9/22/2013,122.651
9/23/2013,122.2235
9/24/2013,122.5383
9/25/2013,123.423
9/26/2013,123.4763
9/27/2013,123.4983
9/28/2013,124.7483
9/29/2013,125.1807
9/30/2013,123.0983
10/1/2013,125.4938
10/2/2013,99.8135
10/3/2013,116.8168
10/4/2013,121.2945
10/5/2013,121.1398
10/6/2013,121.6828
10/7/2013,123.245
10/8/2013,124.3182
10/9/2013,125.8423
10/10/2013,125.6982
10/11/2013,125.5117
10/12/2013,126.5232
10/13/2013,130.4155
10/14/2013,133.0355
10/15/2013,138.6417
10/16/2013,137.4188
10/17/2013,142.735
10/18/2013,149.5947
10/19/2013,159.8115
10/20/2013,163.0632
10/21/2013,174.1772
10/22/2013,183.8648
10/23/2013,200.62
10/24/2013,183.1482
10/25/2013,178.1217
10/26/2013,175.9008
10/27/2013,185.6888
10/28/2013,187.8683
10/29/2013,198.1932
10/30/2013,194.5493
10/31/2013,198.2263
11/1/2013,198.5098
11/2/2013,200.8473
11/3/2013,207.6335
11/4/2013,225.196
11/5/2013,239.29
11/6/2013,253.6933
11/7/2013,283.3023
11/8/2013,323.767
11/9/2013,336.1358
11/10/2013,311.9005
11/11/2013,332.6263
11/12/2013,349.3425
11/13/2013,393.2795
11/14/2013,410.723
11/15/2013,409.1675
11/16/2013,428.8238
11/17/2013,476.295
11/18/2013,674.3768
11/19/2013,541.8257
11/20/2013,572.6675
11/21/2013,695.8668
11/22/2013,747.4818
11/23/2013,776.6998
11/24/2013,751.377
11/25/2013,778.6753
11/26/2013,899.2
11/27/2013,948.4088
11/28/2013,1037.755
11/29/2013,1120.3971
11/30/2013,1124.7631
12/1/2013,946.9237
12/2/2013,1038.3485
12/3/2013,1068.6675
12/4/2013,1147.2457
12/5/2013,1042.0267
12/6/2013,834.0262
12/7/2013,694.4709
12/8/2013,795.3968
12/9/2013,898.0222
12/10/2013,989.9975
12/11/2013,883.2617
12/12/2013,875.7474
12/13/2013,898.2112
12/14/2013,867.495
12/15/2013,879.4692
12/16/2013,712.508
12/17/2013,683.8408
12/18/2013,522.2288
12/19/2013,698.4503
12/20/2013,622.8418
12/21/2013,608.9638
12/22/2013,617.8158
12/23/2013,673.1677
12/24/2013,667.6203
12/25/2013,687.3557
12/26/2013,765.2067
12/27/2013,746.7232
12/28/2013,730.4715
12/29/2013,745.0712
12/30/2013,754.7645
12/31/2013,757.4953
1/1/2014,770.4357
1/2/2014,808.0485
1/3/2014,830.024
1/4/2014,858.9833
1/5/2014,940.0972
1/6/2014,951.3865
1/7/2014,810.5833
1/8/2014,859.9485
1/9/2014,860.895
1/10/2014,884.6667
1/11/2014,930.905
1/12/2014,873.2635
1/13/2014,857.9564
1/14/2014,851.828
1/15/2014,874.713
1/16/2014,847.3735
1/17/2014,828.222
1/18/2014,843.7583
1/19/2014,878.6807
1/20/2014,871.0483
1/21/2014,874.2885
1/22/2014,863.95
1/23/2014,854.3475
1/24/2014,825.1221
1/25/2014,861.8516
1/26/2014,880.1523
1/27/2014,814.5302
1/28/2014,833.9395
1/29/2014,837.5148
1/30/2014,845.8467
1/31/2014,848.2875
2/1/2014,853.0164
2/2/2014,854.375
2/3/2014,846.9048
2/4/2014,842.0123
2/5/2014,820.867
2/6/2014,783.6211
2/7/2014,703.567
2/8/2014,676.9094
2/9/2014,681.9371
2/10/2014,679.7338
2/11/2014,669.4418
2/12/2014,648.3835
2/13/2014,598.4075
2/14/2014,656.6068
2/15/2014,645.43
2/16/2014,610.6525
2/17/2014,621.494
2/18/2014,621.2235
2/19/2014,617.71
2/20/2014,552.2138
2/21/2014,569.0425
2/22/2014,604.7473
2/23/2014,604.5823
2/24/2014,545.3225
2/25/2014,534.7108
2/26/2014,577.0858
2/27/2014,576.698
2/28/2014,543.9265
3/1/2014,563.7358
3/2/2014,560.3045
3/3/2014,661.1225
3/4/2014,663.598
3/5/2014,661.7858
3/6/2014,658.7245
3/7/2014,625.8278
3/8/2014,615.24
3/9/2014,633.1825
3/10/2014,625.8285
3/11/2014,628.9543
3/12/2014,631.3913
3/13/2014,638.165
3/14/2014,626.7067
3/15/2014,633.6652
3/16/2014,630.7167
3/17/2014,621.2225
3/18/2014,613.6315
3/19/2014,608.8157
3/20/2014,586.5898
3/21/2014,570.7705
3/22/2014,564.4215
3/23/2014,561.3534
3/24/2014,586.2718
3/25/2014,582.2802
3/26/2014,579.0722
3/27/2014,478.1595
3/28/2014,502.4399
3/29/2014,493.1803
3/30/2014,461.8695
3/31/2014,458.4972
4/1/2014,478.7163
4/2/2014,437.515
4/3/2014,447.0822
4/4/2014,448.8792
4/5/2014,464.8259
4/6/2014,460.7028
4/7/2014,446.2195
4/8/2014,450.4638
4/9/2014,440.1983
4/10/2014,360.8407
4/11/2014,420.0563
4/12/2014,420.66
4/13/2014,414.9495
4/14/2014,457.6338
4/15/2014,520.1233
4/16/2014,529.1625
4/17/2014,494.4
4/18/2014,478.2312
4/19/2014,501.5515
4/20/2014,497.3177
4/21/2014,493.0921
4/22/2014,484.429
4/23/2014,486.9317
4/24/2014,500.2568
4/25/2014,459.6104
4/26/2014,456.1395
4/27/2014,429.6537
4/28/2014,437.0587
4/29/2014,444.2533
4/30/2014,445.8655
5/1/2014,456.2673
5/2/2014,446.6438
5/3/2014,436.9381
5/4/2014,434.0643
5/5/2014,429.7242
5/6/2014,426.992
5/7/2014,436.9605
5/8/2014,435.343
5/9/2014,448.235
5/10/2014,452.7108
5/11/2014,436.542
5/12/2014,438.4278
5/13/2014,437.413
5/14/2014,441.7498
5/15/2014,444.3162
5/16/2014,445.0133
5/17/2014,446.3583
5/18/2014,444.809
5/19/2014,444.3128
5/20/2014,485.8305
5/21/2014,489.1625
5/22/2014,526.0577
5/23/2014,519.0392
5/24/2014,525.6332
5/25/2014,570.095
5/26/2014,581.8267
5/27/2014,569.6332
5/28/2014,574.4547
5/29/2014,565.5058
5/30/2014,616.47
5/31/2014,623.2567
6/1/2014,629.0242
6/2/2014,658.786
6/3/2014,665.73
6/4/2014,636.7837
6/5/2014,656.0598
6/6/2014,645.5647
6/7/2014,652.7083
6/8/2014,653.6402
6/9/2014,645.341
6/10/2014,649.8068
6/11/2014,627.9098
6/12/2014,581.8033
6/13/2014,597.4267
6/14/2014,571.6902
6/15/2014,591.9718
6/16/2014,588.06
6/17/2014,607.3427
6/18/2014,604.8752
6/19/2014,592.2648
6/20/2014,588.5215
6/21/2014,591.0298
6/22/2014,598.8765
6/23/2014,587.4598
6/24/2014,575.0667
6/25/2014,562.1263
6/26/2014,579.3842
6/27/2014,600.8645
6/28/2014,591.994
6/29/2014,598.6032
6/30/2014,639.3623
7/1/2014,635.5905
7/2/2014,647.34
7/3/2014,640.6879
7/4/2014,626.9575
7/5/2014,628.3313
7/6/2014,631.7065
7/7/2014,617.9918
7/8/2014,620.2193
7/9/2014,620.5496
7/10/2014,615.1129
7/11/2014,631.1804
7/12/2014,634.4775
7/13/2014,627.5759
7/14/2014,618.3798
7/15/2014,619.3558
7/16/2014,615.2039
7/17/2014,622.6234
7/18/2014,628.2156
7/19/2014,625.8011
7/20/2014,621.3725
7/21/2014,620.0103
7/22/2014,618.8076
7/23/2014,617.9274
7/24/2014,600.0065
7/25/2014,599.928
7/26/2014,593.8526
7/27/2014,590.9454
7/28/2014,584.6931
7/29/2014,582.2034
7/30/2014,564.37
7/31/2014,581.3501
8/1/2014,595.0845
8/2/2014,587.2878
8/3/2014,585.5078
8/4/2014,586.7639
8/5/2014,583.1125
8/6/2014,583.0355
8/7/2014,587.3971
8/8/2014,590.5324
8/9/2014,588.095
8/10/2014,589.45
8/11/2014,573.3066
8/12/2014,568.2099
8/13/2014,544.5681
8/14/2014,508.5536
8/15/2014,496.6164
8/16/2014,519.8314
8/17/2014,492.9513
8/18/2014,460.6719
8/19/2014,486.736
8/20/2014,511.9259
8/21/2014,516.1605
8/22/2014,513.9419
8/23/2014,497.2185
8/24/2014,508.5735
8/25/2014,501.6296
8/26/2014,513.4704
8/27/2014,510.43
8/28/2014,507.0154
8/29/2014,508.4224
8/30/2014,501.2031
8/31/2014,478.0734
9/1/2014,474.1346
9/2/2014,475.3181
9/3/2014,474.537
9/4/2014,489.0865
9/5/2014,480.501
9/6/2014,482.2371
9/7/2014,479.4833
9/8/2014,472.1479
9/9/2014,471.5576
9/10/2014,477.5273
9/11/2014,476.3349
9/12/2014,473.8254
9/13/2014,477.0861
9/14/2014,474.715
9/15/2014,471.3586
9/16/2014,463.7388
9/17/2014,454.9143
9/18/2014,421.4594
9/19/2014,391.9439
9/20/2014,406.8248
9/21/2014,396.567
9/22/2014,398.8854
9/23/2014,435.3779
9/24/2014,422.2984
9/25/2014,408.7985
9/26/2014,401.9203
9/27/2014,398.3571
9/28/2014,376.1983
9/29/2014,374.7344
9/30/2014,386.2687
10/1/2014,381.3324
10/2/2014,371.9859
10/3/2014,356.5566
10/4/2014,325.4921
10/5/2014,319.6406
10/6/2014,328.4594
10/7/2014,334.0911
10/8/2014,352.7889
10/9/2014,363.7751
10/10/2014,358.6859
10/11/2014,359.2029
10/12/2014,376.1891
10/13/2014,388.377
10/14/2014,398.7068
10/15/2014,391.8433
10/16/2014,380.0801
10/17/2014,380.4216
10/18/2014,388.9618
10/19/2014,386.5889
10/20/2014,379.3713
10/21/2014,382.377
10/22/2014,379.0963
10/23/2014,355.8614
10/24/2014,355.1695
10/25/2014,346.1126
10/26/2014,351.5414
10/27/2014,348.9613
10/28/2014,351.8971
10/29/2014,333.3788
10/30/2014,343.7828
10/31/2014,336.7995
11/1/2014,325.3865
11/2/2014,323.7426
11/3/2014,324.2303
11/4/2014,328.2833
11/5/2014,337.139
11/6/2014,348.235
11/7/2014,341.0795
11/8/2014,344.034
11/9/2014,363.3062
11/10/2014,365.2897
11/11/2014,366.9933
11/12/2014,427.2403
11/13/2014,417.1528
11/14/2014,398.4273
11/15/2014,375.1288
11/16/2014,388.5542
11/17/2014,385.8593
11/18/2014,372.377
11/19/2014,377.2368
11/20/2014,356.1388
11/21/2014,348.8617
11/22/2014,352.0417
11/23/2014,366.7687
11/24/2014,375.2355
11/25/2014,375.7174
11/26/2014,368.5104
11/27/2014,369.1426
11/28/2014,375.8489
11/29/2014,375.2228
11/30/2014,377.0901
12/1/2014,378.6444
12/2/2014,381.5364
12/3/2014,374.9728
12/4/2014,369.155
12/5/2014,376.0361
12/6/2014,374.0196
12/7/2014,374.2558
12/8/2014,360.9419
12/9/2014,351.2694
12/10/2014,344.6171
12/11/2014,347.1331
12/12/2014,350.9412
12/13/2014,347.4713
12/14/2014,351.1439
12/15/2014,345.0961
12/16/2014,326.0815
12/17/2014,319.1713
12/18/2014,310.7458
12/19/2014,317.006
12/20/2014,329.5742
12/21/2014,319.2411
12/22/2014,330.6709
12/23/2014,334.0467
12/24/2014,321.8843
12/25/2014,318.6118
12/26/2014,327.1582
12/27/2014,315.167
12/28/2014,316.7959
12/29/2014,312.4412
12/30/2014,309.8708
12/31/2014,319.6958
1/1/2015,313.9247
1/2/2015,314.5916
1/3/2015,279.8507
1/4/2015,263.6343
1/5/2015,272.9486
1/6/2015,285.5759
1/7/2015,294.8778
1/8/2015,283.2513
1/9/2015,288.8441
1/10/2015,274.0668
1/11/2015,265.3692
1/12/2015,267.0873
1/13/2015,226.9823
1/14/2015,177.2795
1/15/2015,210.4636
1/16/2015,207.2243
1/17/2015,199.625
1/18/2015,209.932
1/19/2015,213.9783
1/20/2015,210.4817
1/21/2015,225.9816
1/22/2015,232.6616
1/23/2015,232.9673
1/24/2015,247.9855
1/25/2015,254.5073
1/26/2015,271.9491
1/27/2015,262.0605
1/28/2015,233.2087
1/29/2015,232.4048
1/30/2015,226.5033
1/31/2015,216.9137
2/1/2015,226.3959
2/2/2015,237.5409
2/3/2015,226.9566
2/4/2015,226.7291
2/5/2015,216.7714
2/6/2015,222.4823
2/7/2015,227.3275
2/8/2015,222.8677
